label,total_energy_consumed_Wh,energy_recovered_Wh,net_energy_Wh,wh_per_km,trip_time_s,distance_km,net_energy_improvement_percent,wh_per_km_improvement_percent
london_osm_urban_baseline (baseline),29.13780006784524,0.5224011701656249,28.615398897679615,9.239299123549026,668.964667884967,3.0971395681675675,0.0,0.0
london_osm_urban_optimized (optimized),27.45176636413636,1.298616309998874,26.153150054137488,8.444291733875938,857.2628485191796,3.0971395681675684,8.60462876071173,8.604628760711753
